{"cameraMode":{"drawMode":0,"name":"Shaded","section":"Shading Mode"},"sceneLighting":true,"audioPlay":false,"sceneViewState":{"showFog":true,"showMaterialUpdate":false,"showSkybox":true,"showFlares":true,"showImageEffects":true,"showParticleSystems":true},"in2DMode":false,"pivot":{"x":16.719999313354493,"y":3.0899999141693117,"z":-3.549999952316284},"rotation":{"x":0.35193923115730288,"y":0.6351125836372376,"z":-0.5597372651100159,"w":0.39933156967163088},"size":6.442648887634277,"orthographic":true}