{"cameraMode":{"drawMode":0,"name":"Shaded","section":"Shading Mode"},"sceneLighting":false,"audioPlay":false,"sceneViewState":{"showFog":true,"showMaterialUpdate":false,"showSkybox":false,"showFlares":true,"showImageEffects":true,"showParticleSystems":true},"in2DMode":false,"pivot":{"x":14.539999961853028,"y":3.319999933242798,"z":-3.7300000190734865},"rotation":{"x":0.00509660504758358,"y":0.9820507168769836,"z":-0.18663834035396577,"w":0.026817811653017999},"size":0.8660253882408142,"orthographic":false}